{
  "cell": "ht_stable",
  "floor_nll": 3.6658935546875,
  "floor_std": 0.04696153336396485,
  "val_nlls_per_run": [
    3.7046968936920166,
    3.716020345687866,
    3.6420302391052246,
    3.6008267402648926
  ],
  "n_train_runs": 16,
  "n_val_runs": 4,
  "n_train_tokens": 13950140,
  "n_val_tokens": 3491130,
  "train_time_seconds": 71.33455538749695
}