{
  "cell": "ht_unstable",
  "floor_nll": 3.610171616077423,
  "floor_std": 0.01760927105903353,
  "val_nlls_per_run": [
    3.591160774230957,
    3.632206916809082,
    3.5947165489196777,
    3.6226022243499756
  ],
  "n_train_runs": 16,
  "n_val_runs": 4,
  "n_train_tokens": 13974465,
  "n_val_tokens": 3497730,
  "train_time_seconds": 72.01854205131531
}