{
  "cell": "at_unstable",
  "floor_nll": 3.0082873702049255,
  "floor_std": 0.13189177984276726,
  "val_nlls_per_run": [
    2.9513208866119385,
    3.102459669113159,
    2.821197032928467,
    3.1581718921661377
  ],
  "n_train_runs": 16,
  "n_val_runs": 4,
  "n_train_tokens": 49584320,
  "n_val_tokens": 12424670,
  "train_time_seconds": 249.5122995376587
}