{
  "cell": "at_stable",
  "floor_nll": 3.0550897121429443,
  "floor_std": 0.20999935900796526,
  "val_nlls_per_run": [
    2.795862913131714,
    3.274665355682373,
    3.2484099864959717,
    2.9014205932617188
  ],
  "n_train_runs": 16,
  "n_val_runs": 4,
  "n_train_tokens": 49710520,
  "n_val_tokens": 12555235,
  "train_time_seconds": 242.55921006202698
}